date,new_cases
10/29/2021,2076
10/28/2021,0
10/27/2021,0
10/26/2021,0
10/25/2021,651
10/24/2021,0
10/23/2021,0
10/22/2021,535
10/21/2021,640
10/20/2021,575
10/19/2021,377
10/18/2021,540
10/17/2021,538
10/16/2021,538
10/15/2021,626
10/14/2021,648
10/13/2021,544
10/12/2021,1384
10/11/2021,213
10/10/2021,212
10/9/2021,212
10/8/2021,646
10/7/2021,628
10/6/2021,484
10/5/2021,396
10/4/2021,431
10/3/2021,430
10/2/2021,430
10/1/2021,495
9/30/2021,548
9/29/2021,652
9/28/2021,362
9/27/2021,418
9/26/2021,417
9/25/2021,417
9/24/2021,744
9/23/2021,753
9/22/2021,345
9/21/2021,211
9/20/2021,361
9/19/2021,359
9/18/2021,359
9/17/2021,419
9/16/2021,612
9/15/2021,544
9/14/2021,421
9/13/2021,405
9/12/2021,405
9/11/2021,405
9/10/2021,332
9/9/2021,523
9/8/2021,540
9/7/2021,253
9/6/2021,250
9/5/2021,250
9/4/2021,250
9/3/2021,394
9/2/2021,298
9/1/2021,332
8/31/2021,215
8/30/2021,317
8/29/2021,316
8/28/2021,316
8/27/2021,320
8/26/2021,322
8/25/2021,294
8/24/2021,287
8/23/2021,245
8/22/2021,243
8/21/2021,243
8/20/2021,308
8/19/2021,274
8/18/2021,256
8/17/2021,271
8/16/2021,187
8/15/2021,187
8/14/2021,187
8/13/2021,242
8/12/2021,306
8/11/2021,148
8/10/2021,88
8/9/2021,153
8/8/2021,151
8/7/2021,151
8/6/2021,157
8/5/2021,228
8/4/2021,122
8/3/2021,169
8/2/2021,111
8/1/2021,109
7/31/2021,109
7/30/2021,103
7/29/2021,89
7/28/2021,67
7/27/2021,112
7/26/2021,46
7/25/2021,44
7/24/2021,44
7/23/2021,46
7/22/2021,34
7/21/2021,47
7/20/2021,59
7/19/2021,21
7/18/2021,19
7/17/2021,19
7/16/2021,32
7/15/2021,35
7/14/2021,40
7/13/2021,30
7/12/2021,22
7/11/2021,20
7/10/2021,20
7/9/2021,23
7/8/2021,33
7/7/2021,26
7/6/2021,20
7/5/2021,17
7/4/2021,17
7/3/2021,17
7/2/2021,28
7/1/2021,23
6/30/2021,23
6/29/2021,26
6/28/2021,18
6/27/2021,17
6/26/2021,17
6/25/2021,11
6/24/2021,26
6/23/2021,18
6/22/2021,19
6/21/2021,25
6/20/2021,25
6/19/2021,25
6/18/2021,29
6/17/2021,29
6/16/2021,18
6/15/2021,35
6/14/2021,27
6/13/2021,24
6/12/2021,24
6/11/2021,28
6/10/2021,44
6/9/2021,52
6/8/2021,3
6/7/2021,22
6/6/2021,21
6/5/2021,21
6/4/2021,37
6/3/2021,49
6/2/2021,24
6/1/2021,21
5/31/2021,20
5/30/2021,27
5/29/2021,49
5/28/2021,37
5/27/2021,143
5/26/2021,42
5/25/2021,79
5/24/2021,46
5/23/2021,59
5/22/2021,76
5/21/2021,77
5/20/2021,113
5/19/2021,74
5/18/2021,130
5/17/2021,98
5/16/2021,113
5/15/2021,133
5/14/2021,126
5/13/2021,211
5/12/2021,160
5/11/2021,132
5/10/2021,177
5/9/2021,123
5/8/2021,164
5/7/2021,203
5/6/2021,253
5/5/2021,167
5/4/2021,208
5/3/2021,129
5/2/2021,214
5/1/2021,277
4/30/2021,210
4/29/2021,271
4/28/2021,202
4/27/2021,268
4/26/2021,114
4/25/2021,279
4/24/2021,311
4/23/2021,320
4/22/2021,516
4/21/2021,342
4/20/2021,270
4/19/2021,197
4/18/2021,307
4/17/2021,369
4/16/2021,385
4/15/2021,542
4/14/2021,378
4/13/2021,376
4/12/2021,375
4/11/2021,408
4/10/2021,468
4/9/2021,537
4/8/2021,506
4/7/2021,425
4/6/2021,385
4/5/2021,279
4/4/2021,398
4/3/2021,438
4/2/2021,471
4/1/2021,363
3/31/2021,462
3/30/2021,374
3/29/2021,313
3/28/2021,282
3/27/2021,371
3/26/2021,335
3/25/2021,518
3/24/2021,389
3/23/2021,382
3/22/2021,207
3/21/2021,227
3/20/2021,320
3/19/2021,294
3/18/2021,335
3/17/2021,297
3/16/2021,257
3/15/2021,198
3/14/2021,296
3/13/2021,245
3/12/2021,310
3/11/2021,301
3/10/2021,211
3/9/2021,192
3/8/2021,199
3/7/2021,166
3/6/2021,273
3/5/2021,244
3/4/2021,188
3/3/2021,187
3/2/2021,215
3/1/2021,164
2/28/2021,258
2/27/2021,273
2/26/2021,325
2/25/2021,310
2/24/2021,335
2/23/2021,258
2/22/2021,252
2/21/2021,252
2/20/2021,394
2/19/2021,369
2/18/2021,434
2/17/2021,749
2/16/2021,198
2/15/2021,232
2/14/2021,280
2/13/2021,433
2/12/2021,460
2/11/2021,365
2/10/2021,329
2/9/2021,419
2/8/2021,120
2/7/2021,318
2/6/2021,466
2/5/2021,478
2/4/2021,396
2/3/2021,337
2/2/2021,326
2/1/2021,363
1/31/2021,333
1/30/2021,524
1/29/2021,580
1/28/2021,696
1/27/2021,390
1/26/2021,404
1/25/2021,431
1/24/2021,761
1/23/2021,625
1/22/2021,657
1/21/2021,857
1/20/2021,728
1/19/2021,845
1/18/2021,1000
1/17/2021,919
1/16/2021,445
1/15/2021,722
1/14/2021,653
1/13/2021,977
1/12/2021,841
1/11/2021,707
1/10/2021,729
1/9/2021,719
1/8/2021,891
1/7/2021,423
1/6/2021,846
1/5/2021,664
1/4/2021,878
1/3/2021,1266
1/2/2021,1156
1/1/2021,0
12/31/2020,786
12/30/2020,545
12/29/2020,1027
12/28/2020,861
12/27/2020,876
12/26/2020,1031
12/25/2020,0
12/24/2020,390
12/23/2020,504
12/22/2020,620
12/21/2020,846
12/20/2020,933
12/19/2020,649
12/18/2020,696
12/17/2020,831
12/16/2020,888
12/15/2020,670
12/14/2020,919
12/13/2020,712
12/12/2020,784
12/11/2020,1188
12/10/2020,680
12/9/2020,969
12/8/2020,807
12/7/2020,1045
12/6/2020,633
12/5/2020,448
12/4/2020,765
12/3/2020,593
12/2/2020,566
12/1/2020,772
11/30/2020,514
11/29/2020,478
11/28/2020,689
11/27/2020,537
11/26/2020,0
11/25/2020,394
11/24/2020,340
11/23/2020,444
11/22/2020,317
11/21/2020,484
11/20/2020,520
11/19/2020,528
11/18/2020,446
11/17/2020,274
11/16/2020,358
11/15/2020,360
11/14/2020,382
11/13/2020,459
11/12/2020,322
11/11/2020,229
11/10/2020,220
11/9/2020,211
11/8/2020,247
11/7/2020,229
11/6/2020,204
11/5/2020,245
11/4/2020,115
11/3/2020,128
11/2/2020,106
11/1/2020,130
10/31/2020,200
10/30/2020,116
10/29/2020,127
10/28/2020,111
10/27/2020,133
10/26/2020,69
10/25/2020,90
10/24/2020,126
10/23/2020,118
10/22/2020,77
10/21/2020,89
10/20/2020,82
10/19/2020,52
10/18/2020,70
10/17/2020,110
10/16/2020,88
10/15/2020,77
10/14/2020,70
10/13/2020,71
10/12/2020,65
10/11/2020,53
10/10/2020,120
10/9/2020,92
10/8/2020,78
10/7/2020,69
10/6/2020,51
10/5/2020,35
10/4/2020,48
10/3/2020,63
10/2/2020,217
10/1/2020,51
9/30/2020,33
9/29/2020,25
9/28/2020,36
9/27/2020,51
9/26/2020,36
9/25/2020,41
9/24/2020,37
9/23/2020,17
9/22/2020,38
9/21/2020,5
9/20/2020,27
9/19/2020,59
9/18/2020,47
9/17/2020,34
9/16/2020,32
9/15/2020,34
9/14/2020,18
9/13/2020,44
9/12/2020,32
9/11/2020,47
9/10/2020,56
9/9/2020,23
9/8/2020,18
9/7/2020,29
9/6/2020,23
9/5/2020,56
9/4/2020,21
9/3/2020,38
9/2/2020,12
9/1/2020,22
8/31/2020,21
8/30/2020,8
8/29/2020,30
8/28/2020,22
8/27/2020,35
8/26/2020,9
8/25/2020,16
8/24/2020,27
8/23/2020,15
8/22/2020,21
8/21/2020,21
8/20/2020,14
8/19/2020,19
8/18/2020,13
8/17/2020,16
8/16/2020,8
8/15/2020,16
8/14/2020,43
8/13/2020,34
8/12/2020,26
8/11/2020,21
8/10/2020,9
8/9/2020,13
8/8/2020,39
8/7/2020,37
8/6/2020,23
8/5/2020,26
8/4/2020,33
8/3/2020,26
8/2/2020,21
8/1/2020,30
7/31/2020,39
7/30/2020,31
7/29/2020,13
7/28/2020,59
7/27/2020,5
7/26/2020,21
7/25/2020,40
7/24/2020,57
7/23/2020,23
7/22/2020,33
7/21/2020,13
7/20/2020,46
7/19/2020,15
7/18/2020,23
7/17/2020,26
7/16/2020,26
7/15/2020,22
7/14/2020,23
7/13/2020,14
7/12/2020,30
7/11/2020,33
7/10/2020,18
7/9/2020,21
7/8/2020,20
7/7/2020,18
7/6/2020,17
7/5/2020,40
7/4/2020,35
7/3/2020,0
7/2/2020,20
7/1/2020,20
6/30/2020,22
6/29/2020,13
6/28/2020,76
6/27/2020,33
6/26/2020,0
6/25/2020,40
6/24/2020,27
6/23/2020,13
6/22/2020,14
6/21/2020,26
6/20/2020,68
6/19/2020,0
6/18/2020,14
6/17/2020,72
6/16/2020,19
6/15/2020,27
6/14/2020,19
6/13/2020,48
6/12/2020,42
6/11/2020,31
6/10/2020,46
6/9/2020,53
6/8/2020,36
6/7/2020,24
6/6/2020,66
6/5/2020,77
6/4/2020,81
6/3/2020,46
6/2/2020,64
6/1/2020,34
5/31/2020,106
5/30/2020,53
5/29/2020,106
5/28/2020,100
5/27/2020,55
5/26/2020,34
5/25/2020,48
5/24/2020,60
5/23/2020,75
5/22/2020,79
5/21/2020,67
5/20/2020,147
5/19/2020,69
5/18/2020,56
5/17/2020,40
5/16/2020,92
5/15/2020,82
5/14/2020,83
5/13/2020,60
5/12/2020,79
5/11/2020,89
5/10/2020,60
5/9/2020,64
5/8/2020,104
5/7/2020,103
5/6/2020,104
5/5/2020,48
5/4/2020,70
5/3/2020,89
5/2/2020,119
5/1/2020,164
4/30/2020,92
4/29/2020,44
4/28/2020,72
4/27/2020,74
4/26/2020,77
4/25/2020,67
4/24/2020,50
4/23/2020,82
4/22/2020,97
4/21/2020,44
4/20/2020,55
4/19/2020,50
4/18/2020,55
4/17/2020,76
4/16/2020,72
4/15/2020,48
4/14/2020,71
4/13/2020,35
4/12/2020,56
4/11/2020,44
4/10/2020,66
4/9/2020,31
4/8/2020,41
4/7/2020,32
4/6/2020,46
4/5/2020,48
4/4/2020,81
4/3/2020,61
4/2/2020,64
4/1/2020,48
3/31/2020,53
3/30/2020,56
3/29/2020,44
3/28/2020,27
3/27/2020,29
3/26/2020,21
3/25/2020,29
3/24/2020,7
3/23/2020,23
3/22/2020,13
3/21/2020,10
3/20/2020,11
3/19/2020,5
3/18/2020,13
3/17/2020,9
3/16/2020,4
3/15/2020,7
3/14/2020,0
3/13/2020,0
3/12/2020,1
3/11/2020,0
3/10/2020,1
3/9/2020,0
3/8/2020,2
3/7/2020,0
3/6/2020,0
3/5/2020,0
3/4/2020,0
3/3/2020,1
3/2/2020,1
3/1/2020,0
2/29/2020,0
2/28/2020,0
2/27/2020,0
2/26/2020,0
2/25/2020,0
2/24/2020,0
2/23/2020,0
2/22/2020,0
2/21/2020,0
2/20/2020,0
2/19/2020,0
2/18/2020,0
2/17/2020,0
2/16/2020,0
2/15/2020,0
2/14/2020,0
2/13/2020,0
2/12/2020,0
2/11/2020,0
2/10/2020,0
2/9/2020,0
2/8/2020,0
2/7/2020,0
2/6/2020,0
2/5/2020,0
2/4/2020,0
2/3/2020,0
2/2/2020,0
2/1/2020,0
1/31/2020,0
1/30/2020,0
1/29/2020,0
1/28/2020,0
1/27/2020,0
1/26/2020,0
1/25/2020,0
1/24/2020,0
1/23/2020,0
1/22/2020,0
